X0,X1,X2,X3,X4,X5,X6,X7,X8,X9,X10,X11,X12,X13,X14
19.226589711892526,-23.191525020460297,16.848518169572245,8.535432928070142,-4.370308387771018,5.0,-2.7298993114169146,5.219466153259166,4.785360431323565,-0.38140406075517386,-0.8581424761657196,-4.5534538390948756,2.906034548793675,1.632311588076096,0.9891069096881778
21.26284568518929,-13.30593650865114,8.472317501830947,10.204222479188493,-4.318863716258753,5.0,-1.177663190465518,2.7368826587415427,2.0305310402671375,-0.006385676502985105,0.2144956006704776,-2.779867606794066,1.2653100441807874,0.6776256008887827,-0.35585014752056476
16.01039552105468,-3.939181903939011,4.345988803310873,6.243133622618048,0.7332448673303499,5.0,-0.8475562032675505,1.890139313830916,1.4472075427487603,-0.4982153527546456,0.0384321167204811,-0.6533860770215815,0.8879996426932146,0.5099212207995212,0.9505335440843686
19.70850817974148,-4.331938247093253,3.3673122189540203,8.993880169692511,-0.6172445710157118,5.0,-0.41853715866683916,1.9591550549730514,0.8881802606315653,0.023350283471696015,1.1075926506407703,-0.7550784539681854,0.4644994045164416,0.23467992843865418,0.16529105349191717
20.642478775500035,-12.177923334114437,8.923329003114997,9.690644419778115,-3.0025541108055513,5.0,-1.4189910780211146,3.210195062504204,2.1190209950685297,-0.0917936054114016,0.5319139542170341,-2.3878840328157036,1.3299442415269787,0.6660815681072139,0.08543293489963359
16.445407953371433,6.437746676102829,-5.323286614157545,6.732750185765032,0.578910711442205,5.0,1.0651018494166442,-1.8270825327585751,-1.6037503599855927,0.1951584282007239,0.34640979979901215,1.1341649302692938,-0.972909733350943,-0.5849967025625026,-0.547155120774204
22.584610450863803,-20.384240617703636,15.181173344875587,10.770581013704918,-4.1953755682877105,5.0,-2.2949699307177975,5.434177322026475,3.9878561507516865,-0.45840521214084357,0.5227492473292492,-4.027345607496714,2.4853282607606766,1.3632366711030808,0.7663319314081731
19.159958429036077,-18.39583422603371,12.12644225823787,8.777800407548943,-4.561353651246009,5.0,-1.9668483122199156,3.239831921626126,3.260642779687487,-0.02821812656346462,-0.9186934675070139,-3.6758392448483335,1.9673047307622875,1.1326530905032914,0.3247073235625479
14.529707937460794,13.381689266075483,-8.876062208900242,5.311233636595684,3.5598834236572023,5.0,1.4684558712116076,-2.2950114647549755,-2.3078168625362396,0.06993996238393893,0.6312604855240582,2.716796756375853,-1.3398335155040426,-0.7971817297027365,-0.0682859305828901
9.37935800769253,14.34478527678474,-9.989790737469919,1.721564596428889,3.2967387761593483,5.0,1.4120663746451478,-4.3963309759937825,-2.6568436574097034,-0.11334653190116822,-1.8154348543338392,2.761898667305947,-1.4708386547730095,-0.9291865216161471,-0.22523994801297675
8.977525857570873,7.070632443368259,0.6201841526384827,0.4838467397234278,7.971288970648817,5.0,-0.7512987269151414,1.382454863397472,1.4640904664857297,-1.5479978531520666,-0.47339682087840224,1.9339622652783568,0.8609214849475232,0.46783861172365593,3.093372510098136
4.233307138137828,46.252858922901666,-30.81103968187815,-2.104664809040996,12.696390762579584,5.0,4.685615046876815,-9.598303156572761,-7.726597797897933,0.023168836484700583,-0.01008540820723434,9.399427860932017,-4.701909466483769,-2.729528125811209,0.05630430420226631
-1.3120498265915648,54.36700202344812,-34.78745699709482,-6.448692449483805,16.64755257147525,5.0,4.938024397427112,-11.01871658102178,-8.393789571028751,-0.4486470283874253,-1.0205911882460121,11.175850930285996,-5.134868331254652,-2.866360052892291,0.9302481484886461
7.285105482370844,39.61962976773197,-26.560700104930184,0.03417419197348522,10.566012403462125,5.0,4.195173020883883,-8.08432169102792,-6.861072573430265,0.010311368729375874,0.401537673625301,8.077390287300796,-4.063261610857536,-2.272469993078438,0.09461602444254363
8.43910401112807,10.652398133944343,-5.511179806873214,0.8341433476359839,5.071200222612813,5.0,0.4353057575361535,-2.113446968303584,-0.8870529888910004,-0.4551412039296074,-1.559825031986512,2.3774945879846987,-0.587389507449907,-0.26144430824445425,1.0837823275326206
15.406950269047186,10.875986775347863,-6.75800394050195,5.926871480459081,3.417366207835733,5.0,1.0140502359734531,-1.2575186262619216,-1.5337510544333472,-0.14571069810462717,0.9812637424410761,2.2488127891075083,-1.0810113911545962,-0.56413337376696,0.10074728265035346
23.882221517137204,-17.608135947253427,10.241100483826573,12.452317311324874,-6.257320112795999,5.0,-1.3875984371821235,3.141663967419652,2.2974321617610607,0.5500249789557944,0.6841104873375561,-3.541884609076798,1.2899761180920737,0.726770312042514,-0.9253079069348488
23.97937859453547,-24.574684355360084,13.043097792241056,12.85898127617633,-9.944854286677652,5.0,-1.7425444552630018,2.77807359404112,2.7050193116267374,1.0105117429107917,-0.6972556363942953,-5.196304316288999,1.7052011002557748,0.9743113161566628,-1.829090936763989
13.674204655347726,7.957392057144299,-5.400773119044039,4.763999048158581,1.6754918980285562,5.0,0.8400575174753007,-2.022425979481152,-1.4276443897421804,-0.11942040281536237,-0.6818002774838329,1.464069138690979,-0.8333748461544086,-0.42067475666714216,-0.13496679746925153
6.195798181025726,34.54960421759741,-21.948004009065997,-0.911192503690443,10.62149189202324,5.0,2.968783706515986,-6.73098192425997,-5.323397675664638,-0.29862222186116455,-0.20603382335165513,7.175001234039231,-3.2103403834975848,-1.9264828395371603,0.6506971687998361
13.815237014826875,11.948069977015129,-6.4041541036243,4.51684282941419,5.221529557607783,5.0,0.8304585543375337,-1.0203505507131096,-1.305073066290622,-0.2894567059921883,0.8750130643401617,2.629986733070029,-0.7813788511234055,-0.45431881973383476,0.9521961321598196
21.732816264445496,-0.2774693833786187,-3.161623074506191,10.954640994934186,-3.830197079382139,5.0,0.9959475253081758,-1.29162075996957,-1.5776409018450057,0.9751648690928342,0.9617780004946473,-0.31895735217569365,-0.9740423637202421,-0.5221064778178871,-2.057244563920285
11.738025698211798,25.875389976303158,-18.43716515825977,3.4854800398587065,5.9478985277217715,5.0,2.964083910307112,-5.665800463775282,-4.807127601083163,0.37937837923064077,0.5138300196598035,5.238285572281623,-3.0186396181954245,-1.736834815674893,-0.7248542571797759
17.69953807304282,-11.356088958771027,9.470195920644974,7.2926345986148915,-1.1897990768498876,5.0,-1.5978811067041838,3.1751989766363162,2.8490023196959307,-0.6756046183306827,-0.28817138273735177,-2.1796266088830833,1.7232042361255235,0.9588714040020692,0.9661269739133815
4.320229647123558,21.64945127297201,-12.953436585329468,-2.044467117232351,8.196279176454313,5.0,1.4934626419797457,-4.662569960080954,-2.591290425612115,-0.4099753647325821,-1.9799220336383145,4.61511133200127,-1.6031767588136532,-0.9031192733073174,1.119026317639447
24.620955142322924,-15.118019397021614,9.922424807035059,12.407210236216086,-4.892624047464763,5.0,-1.2130674891145592,3.8078506054794095,2.1885935182973,0.058315085143463036,1.457994437042785,-3.1366403934026326,1.3935524746926358,0.7924797082241023,-0.44057295283044007
15.543406754958422,24.894137187823418,-17.501878303979765,5.962875038356856,5.47463387377811,5.0,2.80151823022816,-4.517992306002197,-4.7802447316260395,0.32566530622340584,1.9461731021528539,5.102938183304158,-2.9828032724158726,-1.754214620799723,-0.708587845832423
8.718155307712475,24.59548443889205,-13.711575783379804,0.502748595673112,9.744536722019443,5.0,1.846159050401747,-2.979047311130184,-2.8434519338974895,-0.8513177088179786,0.5028159478696568,5.284249649405474,-1.714448442515351,-1.0131132581560733,1.6103879032718444
11.13419429097116,-0.11478085802971028,1.895247213078233,2.658524543247576,2.5377248137135076,5.0,-0.6611390415853935,0.44952051781350555,1.2459415995188634,-0.7310387379832213,-1.4597946933645753,0.20397895337655025,0.6949343030591604,0.3695947986576362,1.3481579219310735
0.41404664159065396,47.980544570952624,-27.84113477424144,-5.607760446655329,17.511519006778983,5.0,3.676473439574677,-7.620086834599282,-6.3545755851828885,-1.1269307904472319,-0.04597572778514195,10.07436190104392,-3.7484986343921283,-2.1780135277995067,2.4194060491488356
15.21545738428575,-7.6931556609480864,7.021601691139979,5.586791682724694,0.26145288605527656,5.0,-1.4109066490912636,2.3013192854104485,2.3714543066904668,-0.6094820976476781,-0.7356956144051532,-1.4253796554144218,1.3972961770944852,0.7532676344931756,1.2439957374002626
12.088322220407967,13.476331470338105,-8.102442706288397,3.436042629310572,4.332951344203071,5.0,1.2219394970640167,-2.517630570750098,-2.0283653341612324,-0.22464238216529703,-0.1832515675141664,2.6899557020096934,-1.1518770321214717,-0.795862751014799,0.3736367015310866
21.400082610633497,-11.25918431009913,5.116809641556309,10.557317711744693,-5.99522029690857,5.0,-0.4695444558787806,0.7273517764967866,0.7544245621653226,0.6767122849481142,-0.3477527071683827,-2.5926242108938427,0.4430806133803891,0.22254006366322454,-1.5931629147546702
22.06848683226598,-13.385549219028505,8.821014599833024,10.779293980304836,-4.0816292192671515,5.0,-1.238920261425636,3.142318840276224,2.1700037480313377,0.15264541900913284,0.6047304727762846,-2.7465390290829417,1.2274962295823921,0.754338444007494,-0.3967651108360896
17.964665298496843,-17.533057685816456,12.868576757972134,7.663722558792241,-3.2489878049033445,5.0,-2.144526737736657,3.6925466321526645,3.74104844616775,-0.31132525935626265,-0.9090809203067513,-3.4189644459642423,2.1715702277413986,1.2747420680989976,0.7257053340012792
19.42999461093295,-4.20159090750769,3.6494964607578555,8.75151860665063,-0.4958467034923941,5.0,-0.7554372855276335,1.767965645978541,0.9342995726757802,-0.061002545511965725,1.1024735712214542,-0.7271972482835782,0.5595744582999308,0.3545253444600848,0.21625169287980228
11.141653918885693,21.9844608098075,-14.200725168407796,2.741122345375908,6.526093764466344,5.0,2.0083996755401294,-4.045694805040268,-3.5393391438393396,-0.0754273433311496,0.27444929341945495,4.554685509599614,-2.1673525636358226,-1.1550835180128272,0.17084694569470804
14.765770582780377,4.945405103285934,-3.146759891318673,5.494839936683862,1.4125283640071558,5.0,0.5780455413757964,-1.1922711600719857,-0.8001691799273485,-0.07542869198086248,-0.23817948731388333,0.953458178811654,-0.42342606035188735,-0.3191399825617747,0.11049913469515955
9.953025962842156,14.8799446955208,-8.099195291422111,1.676160118254056,6.265269381420841,5.0,0.91016486247749,-2.089888401447341,-1.5450852651045992,-0.6258429909201569,-0.46418074162853584,3.272601365861548,-0.9191571029155509,-0.5714939720828976,1.2184918235156705
12.079648032063597,28.03861546097523,-17.39350086742884,3.0483039883436645,8.439601710512212,5.0,2.6572296948408534,-4.325803482922008,-4.431299516996529,-0.39895319558492764,1.3720490053248156,5.7328103306697065,-2.59730556117574,-1.4844118408202205,0.543513173027483
26.196606062552057,-34.591268192936994,25.344200963726045,13.61001710417444,-7.513428099000385,5.0,-4.044402269790114,8.844463797535468,6.633183122679038,-0.42272698232032446,1.0321274722001723,-6.850150154602033,4.018662793517141,2.3730812310763154,0.7830099109873238
20.655337355797315,-15.128345045027274,10.510290293393167,9.758001092513116,-3.8333925843029837,5.0,-1.5601294044487721,3.448446645062605,2.5993361038775165,-0.10951757953475016,0.18853607898932634,-3.106090161162902,1.6131062293816714,0.9336920263897456,0.20581627692125987
18.85016553574113,7.883155517807671,-4.715427830239718,8.234424629458818,2.170035417955508,5.0,0.8681698586487416,-0.25599383057555747,-1.4260634712933125,-0.012798860766556933,1.7643690795190925,1.5862544204253852,-0.8463890587009802,-0.47966412445568485,-0.024451800021805768
18.999552503942922,-11.41540953943866,8.439541962710726,8.516897202607215,-2.077944497728292,5.0,-1.5191530238846898,2.781633574773263,2.3220255075179814,-0.16291866565528362,0.027440526899110383,-2.1344908197136245,1.357108539844878,0.6971513394844315,0.5046664295074618
14.683722481208667,-0.5198504593561313,3.973236310658971,4.74385138871806,3.735731122552889,5.0,-0.892074104898604,2.4505174031077104,1.6633039721713785,-1.0568232454074569,0.39266694584789164,0.1341528268698775,1.1213457411526706,0.6821323406997829,2.1260367675703598
23.12247151413373,-25.135165557705676,16.145628914587302,11.680246632300232,-7.646646294843177,5.0,-2.4747735097068855,4.691857706534314,3.946060927062192,0.03317094317915931,-0.27895009378132857,-5.227331786290334,2.3593762904484676,1.355985922776475,-0.3478773203675137
13.696945842883395,17.78383175042869,-14.405724464959814,4.933373152687747,2.194158792970535,5.0,2.588823200763354,-5.227283249431689,-4.055309872823879,0.530356822449916,-0.24761428863165225,3.261707961183614,-2.4541438828909263,-1.4618405611083058,-1.1952181540323377
14.132663427431105,0.35484206729585244,-1.2457195441801736,5.261230821595716,-0.8425606450432855,5.0,0.30375568513563,-1.5270030505745344,-0.37064709965767356,0.14285047770785042,-1.451709795829478,-0.06194267616665066,-0.24662884874792046,-0.0834472447159084,-0.47628575379568955
27.747280222022454,-35.17719052946321,22.776974804269898,15.054814183790182,-10.200060620125738,5.0,-3.3187303277515032,7.373831449580008,5.574570690856372,0.39224180973439265,0.6608460995423935,-7.065355008836998,3.3354838748436606,1.8807734485326604,-0.48662312151309745
12.828913827195183,20.980423376618848,-11.645852737975545,3.630308491303649,7.787065414509329,5.0,1.6468216937740117,-2.2514903470750665,-2.7526768770577963,-0.49688269595396234,1.4535543602275078,4.4945503787859025,-1.6380433098326364,-0.9782443662860881,1.0209369271755604
8.989505910568367,33.90839611844906,-20.55477089457477,0.9541061734452204,11.239990357575607,5.0,2.8965369228157924,-4.773437044066731,-4.811858086281177,-0.5561821933525075,1.3137084039192553,7.10522039595192,-3.0327178280701643,-1.7773235186156804,0.9961236123458397
13.732598749235313,24.555384229645647,-15.121841625386663,4.447165292706924,7.481039911860779,5.0,2.258671956778018,-3.4079554234044815,-3.8428762642626406,-0.35295437349362924,1.8024019560477582,5.002683982308871,-2.347457884596006,-1.3536692662230947,0.44115949795723103
5.818984150781825,27.68619233580243,-16.016354420869884,-1.4153145886924163,10.600485982575083,5.0,2.067839452361958,-4.3951810217773595,-3.3103607776978716,-0.7903392824422928,-0.4627355560654041,5.8745743754664455,-2.0241193561661155,-1.0686008880627085,1.5858791268724948
10.570740296118593,33.93483829089688,-25.26431166013666,2.7115435191973005,6.555672782877856,5.0,4.2476155769377,-8.28636957097236,-7.056175117341723,0.80553353599293,0.42914934505213354,6.74132621871568,-4.250021468836651,-2.3882531083436938,-1.3713435106069916
19.471242274267023,-14.447668113613426,11.413486220168586,8.516690105022528,-1.921663137922818,5.0,-1.936716356693126,4.10631371599069,3.4188494651004024,-0.5964816229293464,0.20557749356340274,-2.7917811582134213,1.990289176936866,1.024347554658895,0.9724223774704184
15.773797916971423,-7.662739874449605,8.428115124396419,5.7137297564547485,1.6420073761300435,5.0,-1.6508622642208937,3.565913662194617,2.7691351831899995,-0.7800524100273383,0.11630947178284111,-1.0986621541429775,1.7541983041209255,0.9890244925539512,1.8035317958230854
20.105775456043645,-26.892099277393122,17.11892016083554,9.846469914846539,-7.686191260238728,5.0,-2.5714362201539247,4.391652322790832,4.374397803480102,0.2836524225782178,-1.5265381562468856,-5.520193539176454,2.6064502434115693,1.4232321929461509,-0.2111904086433093
22.273319425748394,-16.462910323033455,10.99892154148995,10.965882343212607,-4.530344105172501,5.0,-1.3951118857120743,4.10288455764816,2.706162175891362,0.16925524330330477,0.6740004261912713,-3.3434244636132924,1.6572473047394132,0.9500801495082749,-0.10941920046362347
0.6219329048790635,48.295922831281835,-31.563352852795262,-4.904811223849071,14.032109215594911,5.0,4.535378509917129,-10.316593885753266,-7.778526944726496,-0.41125911434264706,-1.1591749449097966,9.870969734411329,-4.630118670611156,-2.61287607835474,0.5865848435248016
10.025645965529256,-1.6215681445227026,3.603846183800348,1.9142146126141462,2.9213491656773036,5.0,-0.9889138988307887,0.5893229066436733,1.6110455369877372,-0.8440384138831968,-1.9095903975129074,-0.07355325973776967,1.107958021393175,0.6067281749571646,1.8624404193829875
13.644103264512244,21.391368042299376,-16.870475678541318,5.236144599394714,3.0665425218785374,5.0,2.9347705286327432,-5.79514524171648,-4.820479236037484,0.7853295796168902,0.3626265520105141,4.22601118857977,-2.9476446750930756,-1.6877236113323197,-1.4905880542768417
14.537156646790375,8.718813921448028,-5.999859566769038,5.254364910053122,2.3634136073377348,5.0,0.8422069236149047,-1.8954656339698965,-1.4596190771428594,-0.04251434088057302,0.1132877792328998,1.7667893079433026,-0.8916703019125126,-0.48102359141201406,0.0407297470853275
18.66711488658641,-0.1871063071623394,2.3221082654964538,7.82126087566521,2.2280150250490833,5.0,-0.4484583095581324,2.299400591337565,0.9282982548265594,-0.5199058931631492,1.585790768366593,0.1856502117322844,0.5296657044415451,0.37903556940402383,1.2174422820170836
15.565805308515756,-0.7660528650707751,1.4695450443806108,5.954907172956141,1.1931591984608296,5.0,-0.3604644612693485,0.7919357928255906,0.7778723047205847,-0.3401619656709552,-0.033607211252490866,-0.11877377121429233,0.4560918478872838,0.300720918687917,0.8085233529809833
11.948585062671247,9.669269743998242,-1.8555874763222433,2.6195597015405596,7.513695990460223,5.0,-0.4111316894731061,0.8881229378280588,0.4746400221890092,-1.3521996711770918,0.6724561501661805,2.3915334653156632,0.21995624441513623,0.13137339430875528,2.4931790068735262
25.924964944303298,-28.440963420325513,17.625405309387688,13.84712653571425,-8.979871637620613,5.0,-2.51846636313868,5.473417894629014,4.237297872996985,0.4840557136504739,0.3539957355112351,-5.804751608413601,2.5440800350414623,1.4061806814025621,-0.7260633955271164
12.286141985786356,9.6666951320842,-8.540297625946835,4.096412012419318,0.7154709798039848,5.0,1.6298787142210498,-4.0403785615378505,-2.520573124351654,0.4617369464601028,-1.4746881805754675,1.7331337885083473,-1.376847829975186,-0.805870951066723,-0.8499636263219558
10.841734919816043,25.913403844668117,-17.795717399613046,2.6872771510384696,6.633703177974534,5.0,2.97814525366444,-5.343411398930066,-4.638579800591146,0.05241163062475711,0.2692473948680106,5.228132813913572,-2.7039766384131942,-1.5472315680760962,-0.02397688844940543
34.597212579232995,-43.124573322546404,25.638448585232442,20.41843144262872,-15.778563052896219,5.0,-3.338445815951991,7.78567916156255,5.477282047307496,1.0809226063211559,1.4530660950633494,-9.123332810414212,3.323419384852035,1.8520614372898154,-2.195577897671838
14.802060560598703,-1.0457776635942406,-0.3347288497284947,5.630102516500401,-0.9475072335315653,5.0,0.10406460382316049,-0.9022781206847286,-0.005360183778698929,0.06256110794697975,-1.1455936465025873,-0.37981669595854906,-0.06263098349366228,-0.10431912693333216,-0.30997734746198935
23.762907519782257,-21.12025240109714,10.70167777121248,12.647669409136078,-9.426583887534644,5.0,-1.2239432634848335,2.1750849021177894,2.0410596912126002,0.8634439533907821,-0.42415045058479783,-4.630988931629258,1.2249344306899907,0.6221268427301287,-1.7962821979636576
13.65117460822367,13.564262740108813,-8.47847719853493,4.633599343301756,4.068837972607016,5.0,1.2033208648881502,-2.2907132786035005,-2.1504605794209057,-0.10970530024937802,0.4127352058009579,2.837109673904787,-1.3180289206841476,-0.7287581731285773,0.15963642177200002
22.233192647808128,-18.804248680622678,11.47205609744181,10.99864376574274,-5.995126151975615,5.0,-1.6326806038378403,3.4287176142721814,2.734567727739705,0.21669311125020696,0.04016741042542813,-3.8397241745262582,1.6375650746431953,0.9235830922758569,-0.43750525910985016
21.66279251630681,-2.999442433935257,1.0378846125715233,10.452187118405279,-2.4765088244614373,5.0,0.24416136254790594,0.5554511142852501,-0.19738835269983324,0.369840932275583,1.2073094734219703,-0.8041568461555535,-0.1495156194084013,-0.1515295225059906,-0.9386116012337646
16.872489066216655,-1.1234105898333693,3.333967931759581,6.39325091361048,2.3618107531381325,5.0,-0.716317038731552,2.1744380575746267,1.422981750761943,-0.9301064418859496,0.626409166769718,-0.04302234579933539,0.8726431641288674,0.5597543768653424,1.4627667528607147
13.953278193359456,-5.168279324759739,3.3997547293079324,5.101020107047424,-1.0010899595624447,5.0,-0.5106961882955681,0.23090785598498162,1.1764687089269874,-0.056763847863875026,-1.549169349173026,-1.069480906640301,0.6971484571639057,0.48354539915150246,0.1072780391609746
12.974027460729598,3.9753128881765316,-2.4025635726462293,4.274255530666436,1.4619480849169504,5.0,0.3303453843947457,-1.4124728689773367,-0.5014854146206597,-0.06368308357532315,-0.9768258766136316,0.8272790189672522,-0.2542495483674894,-0.0651405322783877,0.21153914843246982
16.85654155086276,1.257204305128697,-1.482346838373458,7.022711477886856,-0.40480713816169744,5.0,0.24575191484180262,-0.3989281459535172,-0.44100439139021985,0.14860614123315347,-0.03716288153687532,0.20515002226435647,-0.3356097860979512,-0.1685629547837119,-0.4584524984425207
13.726814614131877,12.601163619156125,-8.171007471645812,4.639594698743503,3.6651595953287175,5.0,1.012839151800881,-2.2390327466289013,-2.03737659544713,0.054697515918768876,0.3383690715010724,2.66524720305629,-1.2795495465871924,-0.7348441702115177,-0.010020782240258465
19.102611748862618,-23.073156638361993,13.764604878983203,9.139826028685391,-7.644960607416086,5.0,-2.0824951794338133,2.535729402044606,3.342307715515898,0.42731568280040066,-2.036137311835301,-4.909458006046179,2.092966357883561,1.1398192441364565,-0.6424568649563281
10.945511323271816,20.058955938256616,-13.475314811357132,2.657393668303537,5.1343075668591265,5.0,2.144092326584031,-4.353905109228674,-3.4605122950170744,-0.05145355195880967,-0.35392793845828,3.987028789999476,-2.0838551898730984,-1.1415183186066213,-0.08838416946633379
7.393413148886997,29.404673819949434,-19.482497038584192,0.25293245333223885,8.664684915307019,5.0,2.884072853775574,-6.05883221074926,-4.728770620186371,0.05106043256247697,-0.3080737026733202,6.120307442457704,-2.86609900169689,-1.611715612042056,0.2830042776902701
25.299322168037452,-32.3364403088752,24.0995433029668,12.76153722591155,-6.569969320093801,5.0,-3.798025859376783,8.56980580743915,6.3468887844775495,-0.5982021569766407,0.7697763691115548,-6.414909511109859,3.9285800451947095,2.1810843173726497,1.1442280324453649
17.65372569095807,-10.69008205701098,5.312848638786695,8.175450050993836,-4.525015944179735,5.0,-0.6124573708962358,0.6183413869211503,1.1212466097296165,0.7125030561704399,-1.1881088214370699,-2.3221107163985444,0.6667487031489454,0.47840032407059657,-0.9340591913477603
8.199367170548884,15.643895127108825,-8.283844394427277,0.6084367106268469,6.628724243287046,5.0,0.9931720306867331,-2.6146594774955636,-1.5512103173909009,-0.6384392088790157,-0.9689467469437215,3.2526889175313434,-0.8966475830949161,-0.5029154820766057,1.3109187510684441
20.672026632625478,-19.775058128818333,16.304751933206184,9.200354037291314,-2.2357994084898523,5.0,-2.7918138834437323,6.232139022020272,4.810785283265679,-0.8814134059475941,0.42724765813977933,-3.777492369112786,2.8647519061213074,1.6172101189084827,1.5684967192404333
18.033521973338182,-13.408304358144152,9.029189102225903,7.792037457498377,-3.1995543354245974,5.0,-1.412031483994778,2.4422150561484806,2.5396791033715687,-0.12235836295529244,-0.748436351452441,-2.674247094301936,1.4554283474722556,0.8398353635759077,0.25250687114239356
15.954551989305276,7.935474962516047,-6.291208707284758,6.508578068962604,1.0715263467043419,5.0,1.253254204798308,-1.8952133576488035,-1.8271054395993067,0.34263846119906083,0.31273990263263507,1.4482823371589137,-1.0242872789770225,-0.673097716181202,-0.4674212208935805
26.217359112499583,-26.63707155354596,17.1075790373636,13.8761420816721,-8.270695714251222,5.0,-2.3809932252464154,5.682484501369443,4.066469511642133,0.2916049089315758,0.7978907965905286,-5.445654192521885,2.403232158484035,1.3847536029120326,-0.5546777007467423
17.010099261618006,17.164579910230827,-17.040709613966413,7.887903897095951,-1.2884014274098792,5.0,3.3784019244124828,-6.54926603405231,-5.476646441327208,1.3558860688217251,-0.003389204126025849,3.0624660554589096,-3.2637747310404484,-1.8843805063256531,-2.9199515146770443
26.423786391496606,-8.754143111340364,3.7387838322678526,14.214739344374493,-5.232070651511234,5.0,0.06808577435144551,2.0169402690717564,0.18468509324972118,0.7449767713431398,2.3878680273384214,-1.906414369284228,0.06378646137305535,0.09454344185823822,-1.505307216657238
22.356002659815747,-18.553130289046894,9.472943811402109,11.51762163776044,-8.112994918841713,5.0,-1.216748506503656,1.541112002526365,1.8939498575568823,0.780399694086695,-0.6861722899198065,-3.9564732230330413,1.0966579798238234,0.6604283593745974,-1.5908367160458674
13.100475280840849,30.263515708542755,-19.812688777803412,4.173037315610017,8.149517513755553,5.0,3.106214532076962,-5.055721852173589,-5.262219606216165,0.01646804138552797,1.871144795224661,6.204101365372922,-3.1333121907228074,-1.8225534569902966,-0.05484179307541731
26.374204195390472,-28.75521022280889,18.315192965867546,14.075057137279373,-9.024955150243873,5.0,-2.5201596453781727,5.968327006289058,4.3498922641238025,0.2988596543124097,0.5977885182637618,-5.95231674444574,2.716114743285677,1.5268170761167097,-0.5803371851861395
17.504679238856543,-13.91342243273296,10.36452304847087,7.524534820530108,-2.6338711633406353,5.0,-2.036633499923469,2.9785031140613123,2.99025171948549,-0.22815676580038707,-0.7740645134840201,-2.636344570667599,1.7116059909808299,1.0162397192097863,0.39959019694712217
15.403776990337404,12.676027024741174,-11.768174773261004,6.372589878845223,0.19888277485001202,5.0,2.219407209522918,-4.574784006090687,-3.4717139438904283,0.7825830474708458,-0.188578919841259,2.317829814458919,-2.1691161247127275,-1.1844690390365524,-1.6176771652183006
20.77855143017475,-18.20195344876122,15.539847686786635,9.273234647482132,-1.7523604958692747,5.0,-2.745673820732176,6.082757804051858,4.490091154636281,-0.8719615508268821,0.6179749766041484,-3.3952484373571656,2.6245792997994184,1.4262462225536028,1.4933675969286127
17.69093749041069,-5.496774532876194,4.317470109515713,7.542792169030521,-0.510768732203034,5.0,-0.577495572372906,1.8046001084590129,1.2273325880793606,-0.06130407284602821,0.16190691337648241,-0.9836824812719887,0.7899309340578775,0.4499349637245091,0.46460545424865013
25.116209908362862,-7.603200212323567,2.088651802961798,13.461574960874083,-5.705006479465909,5.0,0.2534069947084357,0.8424050148646129,-0.3250803810708206,0.9409544855347832,1.604823133922758,-1.7769526907648348,-0.2019691928026114,-0.19397230151271713,-1.9529254370376932
14.553772045544195,7.303041365490787,-6.498940193952557,5.666828831554153,0.37571167236490305,5.0,1.065765046608111,-2.796110488670337,-2.0255525933743543,0.42707574658291925,-0.5557444275500498,1.3550738446803254,-1.1199637612088071,-0.5702381370700357,-0.7434715582462857
15.973608382780121,-7.273594681218664,6.428659804583324,6.285293750361764,-0.02509089326590415,5.0,-1.1479528849346585,2.123545768006464,2.044861078787511,-0.385426531557248,-0.4828940849078906,-1.328431714176551,1.2151400351792778,0.6943975653895552,0.9569933048877052
18.911953448532252,-2.444441560502858,0.03065279632855017,8.978731153859389,-2.3664408987325545,5.0,0.3041768499184535,-0.14719554983772135,-0.4367607882390858,0.6748986516604214,0.3336754102233913,-0.6300055116214,-0.2529733358733311,-0.20126147668792277,-1.0176926720368211
9.006587948362792,19.099371053158084,-13.629786756387752,1.5235082627384287,4.902668306864102,5.0,2.0736855924454276,-5.0574299633031545,-3.379207395237738,0.08478400696384093,-1.1414716297070535,3.8094446358652534,-1.9414422644203053,-1.1609358961415746,-0.002398772478451495
6.2784989711602,22.63214532146507,-13.372079593913051,-0.8635214471920791,8.155624800821256,5.0,1.4665200145863921,-4.344834364005305,-2.7929400226853094,-0.5659785360037437,-1.1981944860877902,4.761389023925203,-1.8174776500609975,-1.074320306507807,0.9992889093319005
21.96431981538814,-18.2740733405057,13.739129725359648,10.559043106496748,-3.6563847489534376,5.0,-1.9361012973364762,5.338635156959943,3.614420979012405,-0.37730328970934374,0.730299843119326,-3.6757170176969525,2.2932006124153044,1.3633338799782424,0.7691732534225821
17.610439778477538,4.512974832439018,-3.653006412469952,7.752933461416416,0.5727292564669964,5.0,0.7522268639399153,-0.8955393293142403,-1.2208451168675987,0.2701169299304429,0.7984089081048905,0.8552099561488766,-0.6501783592883208,-0.3024936926356321,-0.20835673317348524
26.097413634722034,-26.997804246372485,20.257567630623583,13.398359439471006,-5.028420186610219,5.0,-3.221462034872452,8.42230840546588,5.508081039764,-0.41145167037341907,1.9711285156458873,-5.170261882903645,3.3007099780980154,1.8914799312486565,1.058140270036092
21.750925517698658,-19.00964832448634,8.759365204619165,11.302279483274265,-8.995849452503736,5.0,-0.8098435744691814,1.2110840091274673,1.600327389573001,1.016913483469542,-1.1753319000046476,-4.150883453610484,0.9878644572406067,0.6330255135465145,-2.006621684347956
20.49734863878509,-26.860084494222548,17.3641864039997,10.03039306695454,-7.304813250717099,5.0,-2.740904659417154,4.6479844996160935,4.572545851565884,0.22584135681619882,-1.2334371645632018,-5.511432390621456,2.723683694550491,1.583735906375767,-0.12408552455455929
17.002108853940452,-1.5368713779028558,0.6668154742953061,7.181089763576997,-1.1521129730823643,5.0,-0.015130583638958951,-0.16360311402557032,0.04191120554611375,0.13961481714039678,-0.2871142341572332,-0.48107456143522,0.01353327754557257,0.05110084423210643,-0.31905061491450776
10.600726744980301,22.09242457440146,-14.383055585312457,2.43013164158648,6.789066693107902,5.0,2.0204320225683765,-4.144333838579833,-3.4471429567820255,0.020527938983431887,0.18525882048271666,4.679957882746978,-2.168476143335818,-1.2189581967498453,0.30070382325801664
18.381353381221064,13.84168414617203,-10.223620685449896,8.116986229673152,1.9517304574997014,5.0,1.863763969653793,-2.62070528742315,-3.1661584462308854,0.37821603617120614,1.6605441184369498,2.6435833702981246,-1.878610303862997,-1.1208471600300645,-0.8637729994357392
16.291231595067583,-10.011400024292955,8.499330245786554,6.44465072279079,-0.6424680300228423,5.0,-1.6424596674392506,2.8779651826281123,2.671411376839769,-0.5126137337798949,-0.519126825840975,-1.8755558972288149,1.5318318771174888,0.9007928120028935,1.0026877532343117
22.275875925155425,-19.0784962428252,12.029350199054047,11.226305330790872,-5.671126864137979,5.0,-1.713910779455522,3.5712665328898323,2.870869010958774,0.4106006008116201,0.1612235120024666,-3.9040267563490083,1.7310147941278111,1.0374144714945148,-0.28647000813805046
14.241090246066038,9.864937215296838,-6.843595971566144,5.200893998940298,2.374974165964219,5.0,1.1162039884763437,-2.1606199186531754,-1.8420490745507054,0.11594583860891788,-0.047849809442265495,2.0590968146468813,-1.0107161870012364,-0.5233062132129057,-0.07916768154008084
7.897826045489289,19.83802600330162,-15.315524634582703,0.9904739355409541,4.110926973652275,5.0,2.3610290339747135,-6.478207676130582,-4.000076372557104,0.5405351367473002,-1.9186533330822313,3.964785795769674,-2.409360732840628,-1.383551127528316,-0.6764032274598168
14.731503292420872,0.8842229514457014,1.0001794289887649,5.246443610072347,2.122012605070287,5.0,-0.34524263110453,0.8050719940894612,0.5668255909005543,-0.3783276958763587,-0.02828424664238792,0.3595593499800792,0.38664515483333856,0.2754291311871938,0.8839887242822211
12.740495602040959,4.382006376447655,-2.123320496612773,4.00407875732642,2.3402606783351367,5.0,0.07439685275931308,-0.8241579577481922,-0.19723974953420456,-0.3073082909557275,-0.72837438630591,1.0352860661992072,-0.199344258326196,-0.14196517828514757,0.5745228156919202
13.68496780446963,12.091436526666866,-9.108861872053547,4.955195242032763,2.5011886848765905,5.0,1.5223965945160218,-3.0715901225378572,-2.4985380953371976,0.348389231932168,-0.15695598596039448,2.5005976064136353,-1.4615625105717853,-0.8655511306401906,-0.3864901225612454
21.46836297345303,-9.896278185299177,3.7696293107218244,10.766983021530661,-5.809929445776876,5.0,-0.07959553791467466,0.5762888764662714,0.3519070645793184,0.7354424490547065,-0.03435669964009837,-2.2305272261776836,0.25075703555768863,0.0942898868485699,-1.6178430114223354
24.21810018177578,-10.074938783658602,6.610903678877764,12.349813484961931,-3.358858401967243,5.0,-0.8271790861964757,3.22151026589394,1.278748759341613,0.2579915465302034,2.0250351711314583,-1.9569544494056075,0.8091499864323538,0.42192042076925135,-0.424221682474021
18.517674386902534,-5.934745694728955,2.0623826624287,8.592266910679875,-3.345459127061557,5.0,0.08967133764714727,0.08486364246942264,0.214382759100359,0.45237238609269,-0.31839266707042047,-1.3154493057357688,0.20097837334062274,0.1568651270979137,-0.8224214470266236
22.229103867467998,-7.534290632329345,5.579923946492748,10.898904272043602,-2.0138577548340804,5.0,-0.8464718601625842,2.788582165137885,1.155404338593659,0.041230215485010206,1.6424915677530298,-1.553746444110069,0.6845805900389158,0.40206920719133044,0.012995809209297472
19.669360494093322,-13.08793462724466,11.103259179979165,8.52513096647117,-1.169463143939038,5.0,-1.8502090574229535,4.271756651688688,3.3182369832071674,-0.7858672505402986,0.4474053670765775,-2.5698279191539664,2.008613101399842,1.1236984265892032,1.3377506342620478
22.215165530416947,-8.62651770358953,3.514109888788606,11.150138389687456,-5.251005012580844,5.0,-0.1169939025102774,0.6693662639048523,0.21729383962725848,0.587319891827196,0.34765612170882665,-2.0065171396864074,0.21868662573897896,0.06843582095568863,-1.4621729959664715
10.858571950700332,23.925902802082934,-15.927872278771734,2.5374102340778135,6.4693096774633325,5.0,2.466121231576312,-4.527263610115767,-4.035597483068354,-0.1444800086862221,0.15697937531218395,4.883519045681419,-2.411393151880829,-1.3192670940486437,0.027517172522033145
12.966849998005165,27.67645555663496,-16.978191201223073,3.998761139429728,8.62757690465462,5.0,2.4628519372147455,-4.011097502968154,-4.336709423208342,-0.20105749547522692,1.9925098369462697,5.80122013405696,-2.674365020935985,-1.4278216159680819,0.493991279909457
14.705220185846926,-0.15763365770463564,2.9495522239914407,4.9677789529490415,2.3957076943019766,5.0,-0.9017616408737712,1.3971666020972668,1.2725358361025823,-0.8739777290466149,-0.11855456178427366,0.07886365187001859,0.7190516371228686,0.3414966040854259,1.2330134102458659
15.844474874475486,3.5748830033601005,-6.600963844008168,7.049979075849169,-3.4694305850054796,5.0,1.4615739203171951,-3.744496781067314,-2.3762096853087886,1.0725823563336554,-1.349527813866355,0.32017502050335955,-1.46878102631943,-0.792399957749057,-2.34941288094859
16.158616657258925,9.167274183100758,-5.309928618011112,6.189466560704537,2.8614874504282413,5.0,0.9044556552012084,-1.01840233883562,-1.2696476533995686,-0.33801125028253326,0.8753227663717019,1.8173409031175753,-0.8007187416157371,-0.4816386080914699,0.2421301571062811
15.840858567865872,15.044343712192537,-8.56333080291312,5.88263258236094,4.676485812819836,5.0,1.3479580183382551,-1.587835019697909,-2.3555296424590595,-0.3820146581977342,1.501781086954807,3.019893831933676,-1.2810020121470247,-0.7651889891746912,0.4532425189566098
12.591216553055357,15.547284937245651,-13.7673510108332,4.550025195425568,0.4808905985694962,5.0,2.4746881663106746,-5.995630446369954,-4.106475653723974,0.8717216343076616,-1.2968462926696225,2.7127737159053398,-2.430040192121847,-1.2431195858665185,-1.9422582384778548
12.36918943875791,-8.50280639509928,6.392689369782743,3.9053791034848953,-0.6206955466754505,5.0,-1.3595373240752247,1.075289279605156,2.313945651414449,-0.2996689027093695,-2.1260464758896345,-1.6156457856171982,1.2349770524586285,0.6734478223847042,0.7506929644112086
13.014357808050365,9.574762028969488,-8.332666740536519,4.836808869106961,1.090086432677231,5.0,1.3868779146089572,-3.6882690879777056,-2.367327916941199,0.5736876535224336,-0.8484647125735504,1.893811050388147,-1.4335822339430102,-0.8754673027614605,-0.7793903923567456
9.978319298295329,31.012349597580393,-20.150975179037342,1.7796729483784317,8.737720337294213,5.0,2.974129958708533,-5.946774947108368,-5.09132983727506,-0.15754452248553136,0.599252673739106,6.344334119675864,-3.1006324761386623,-1.794786304369287,0.22227055262958811
9.78547305394763,7.019755338789473,-3.38313407454849,1.7510743704159648,3.985280516063109,5.0,0.1701630703839587,-1.6293339649686729,-0.2360158962487976,-0.5124973379333362,-1.3909430769239082,1.4983597242557343,-0.1871990176170875,-0.08468063906017012,1.1600633657704673
19.615230264462127,-9.419643552865963,9.12750499399484,8.527863772839755,0.026297286363506867,5.0,-1.6511936859956553,4.057561754290445,2.732137560802177,-0.6650126294866149,1.0495242243584084,-1.6851227110870939,1.6451070720924825,0.8892448448950657,1.2105221332034988
11.12624080290677,11.049396462056338,-3.768405201376606,2.3534453185075113,6.925282365740036,5.0,0.0374612610186385,-0.23344757717608533,-0.16856565527062833,-0.9589008611241695,0.26128923148071853,2.5852977852253383,-0.1743248433990504,-0.12452504539935728,1.9193230064793247
15.00646847175389,21.423564888997923,-13.76336810055504,5.400899454715728,5.93044816291706,5.0,2.1357532555774825,-3.0791787568269915,-3.7001119320354894,-0.19994497079874313,1.8367228905754194,4.385787865075633,-2.183262480603308,-1.2174915791544143,0.19531122484956942
20.929342350698025,-4.661420429165099,0.8179620381906002,10.402038778312894,-3.727480849906829,5.0,0.1856445212309778,-0.024411013623365216,-0.3522064973130728,0.7700755983896024,0.6128778287847123,-1.130944530120901,-0.1713517153497227,-0.13412745449146818,-1.2454653873967696
15.59090783504997,-0.009901949221401335,1.1119438756602285,5.971279294601282,1.515664489898489,5.0,-0.19591003479480187,0.8534301533545166,0.6224856515893693,-0.35141991423114916,0.020029308866158675,0.17625194741687922,0.3767867953011587,0.20914937571367603,0.7718614794658349
16.310101437540027,11.48701934474913,-7.001217371268806,6.328697470363961,3.66031097171785,5.0,1.0885355308847773,-1.279360749989898,-1.6307563496684012,-0.07462036342791903,1.1900363145492916,2.365450824072771,-1.0805456373084192,-0.5194803943376686,0.04993311738467062
15.033134722118172,7.082439800493224,-3.4680693035147105,5.535057806492185,3.171335989181088,5.0,0.4190173639154749,-0.4299991752357779,-0.7504530342039349,-0.2813087723446329,0.5772718495927295,1.5338395739174477,-0.4413051762029532,-0.2983654144430641,0.7064832528141364
20.389925622856353,-6.827834302257604,4.155925149136766,9.676667739361635,-2.7216217555677207,5.0,-0.5277077812630745,1.3816896592057886,0.7498843307695215,0.12135784446860537,0.5974655607835925,-1.5103943576726562,0.49547490327178034,0.22757475647128053,-0.39152339754155624
15.21662402745463,17.6151513208446,-11.396622982275584,5.574978555609562,4.711410599575607,5.0,1.865222751779231,-2.8397884618458944,-3.168381020399441,-0.14699874973848504,1.3092682744583262,3.5447166238588452,-1.7846869049874923,-1.0648006794718918,0.1613142845934961
26.193924637804486,-17.426238903500984,9.127565754940388,14.122670920874727,-8.108898549154706,5.0,-0.9352511209474156,2.7657481036398948,1.4425166055127625,0.7520143967928454,1.0435671540227687,-3.8489884053702608,0.9346251106627298,0.5123542879788807,-1.6455379464351105
6.129778624724012,26.90018131761068,-18.235585042238302,-0.6948674405228542,7.35743774138935,5.0,2.6405716748519756,-6.50223251278896,-4.47407436214697,0.0021740073004736724,-1.3549630051162198,5.434307712922487,-2.73363197798418,-1.6271280615287333,0.06951123107876936
15.939829179188502,5.9266761073343845,-3.2827298866922243,6.170379355688322,2.098550586755472,5.0,0.40776378520105705,-0.5757875134397445,-0.7119063676218524,-0.12518552294417115,0.5477107801714016,1.1786560359668345,-0.46563848923164736,-0.22188012170603896,0.15586902783541032
15.069777449512479,0.8496006094362938,0.3245263940400944,5.635988364655425,1.2530808563049933,5.0,-0.12245248025918523,0.3295755455382565,0.24388703890352045,-0.11779390944796078,-0.09967310011399914,0.21572778211391375,0.2705051442836313,0.24744205046558673,0.560698169076645
7.389591313915829,30.46982157819267,-18.759528962564566,-0.17124693858748563,9.818445058114115,5.0,2.7020080408968528,-5.5126448873781,-4.571398180570235,-0.4015845059020284,0.006024755645610054,6.3050775304050655,-2.679675859644538,-1.6176022031355328,0.8401697286737976
17.483825871228234,-7.608010763341604,6.574312171181248,7.259316491537102,-0.48378860191382705,5.0,-1.0176243299215242,2.6728776928320825,1.9621330228860923,-0.3933074931000269,0.0821638641653301,-1.5012079414461486,1.2245603330122516,0.7616970687717319,0.7920913269700126
15.208563985171661,14.062839174492062,-12.754770048567604,6.2568351488205725,0.07867461509017232,5.0,2.413892171519225,-5.065776103543284,-3.9562525514114797,0.8087538788670656,-0.4072252210327957,2.4924029140127324,-2.3313628838619156,-1.3344430257741131,-1.847052365038881
11.627942813733663,26.40394738584659,-17.729407225054555,3.229326265136634,6.996030074498553,5.0,2.7241574586518307,-5.064245062619877,-4.739317490680882,0.22933666298520233,0.8324543643816174,5.423241770897493,-2.894994244503105,-1.6649588061301657,-0.22010422210370087
24.2646890920892,-18.749073180488534,12.19714764730781,12.329873435264657,-5.747778180507675,5.0,-1.753727741201751,4.050997710628115,2.828055094920307,0.13796263766558645,0.9082865601215868,-3.9024845791991236,1.7489226438828902,1.062881086097139,-0.2732727278965953
11.383783709936267,1.4336840890824232,-0.12821782198876325,2.955997293904664,1.65608726114317,5.0,-0.22970929266851273,-0.7857564886695165,0.36327276953794063,-0.3132314364838832,-1.805686899286015,0.4213370909484626,0.20749746827971427,0.10775308441752586,0.6712093563034982
16.324947630892098,7.39092617989359,-7.051535909334585,6.899747301762803,-0.02294455911897511,5.0,1.3258176089651064,-2.566974022155662,-2.1169449917263834,0.473590768455855,-0.002094934108952125,1.3627966821352748,-1.2894019247204855,-0.7363703940760927,-0.9527373258565582
18.352768502582748,-0.2516025230065767,1.9796749057379794,7.7722217525863835,1.4101900810359271,5.0,-0.5411968073956601,1.4907642586703957,0.5522716177943435,-0.3602169367631463,1.1206927121221368,0.12973968058560986,0.4107608380355497,0.24523329253638432,0.7453648640432284
8.407645543517543,19.07208064103979,-9.348831655827771,0.27907415761901794,8.73251854970809,5.0,0.9731748328250192,-2.0245308010224345,-1.6553868009079782,-0.968050140137489,-0.23694488109437983,4.094335642804014,-0.9608802475416365,-0.49784614416466577,1.8629362318949652
21.553944578480866,-20.418264036954834,8.592230205489033,11.324928951456318,-10.545232406822906,5.0,-0.8533909055333033,0.10684979749518331,1.3188402719010037,1.3443792452948722,-1.9002858010273687,-4.526461106763049,0.8280496388477439,0.4694676454239817,-2.6038951808174247
29.139022396533903,-42.70516803466724,24.881258247205604,16.729317625931493,-14.823559318932135,5.0,-3.482459199317311,6.725037724256894,5.894827098114485,1.0576648491809846,-0.297969264828786,-8.819691533758128,3.397399406544151,1.8963135238745725,-1.9338502188890603
12.792086858025188,12.116184445979641,-5.8022730157259845,3.6102760598452854,5.429210440423041,5.0,0.7140578085928384,-1.029030868199339,-1.1334422216260365,-0.7882585411650663,0.3853840761376412,2.6186123431814496,-0.5863677290754581,-0.3964906197342947,1.2501120499967322
20.896051855337447,-9.147345668295358,4.852451472316226,10.134893131822453,-4.064623076051369,5.0,-0.7137905217875119,1.300040275850857,0.8620622924677378,0.3355411433123165,0.17896329981560757,-1.9384688590402506,0.4810530346535294,0.28661796467096423,-0.7930878112879046
20.51546042091798,-4.641413979979194,1.4915880853584718,9.776402264284249,-3.2373246134233127,5.0,-0.03687830500123311,0.19056771193223349,-0.05447372318351215,0.44360268548409576,0.41370402349645574,-1.0790229706454535,-0.07800617797606814,-0.03230824797239188,-1.0231367824077144
32.24878243495124,-47.78416365322361,31.22899559814037,18.24311573845396,-13.903289673244702,5.0,-4.553887694788633,10.054332830597016,7.514788177952878,0.3959223990206851,0.9992091244592772,-9.681312505405495,4.619899816233317,2.7739305369713736,-0.6284861679265699
16.542353871418186,-0.5095511071421173,-1.26746779223407,7.124086485972849,-1.699838220849706,5.0,0.4588126111016052,-1.1924049941606423,-0.5526799427231216,0.39784414787299077,-0.652426761563284,-0.2816943411592163,-0.34287097313285986,-0.2765878027394757,-0.7974841601678605
12.821009629579722,-0.7724771140212925,1.622359812775214,3.9370119099225893,1.269742432574645,5.0,-0.40067892931936455,0.05826784460528493,0.6660024991491154,-0.43947040072662497,-1.3151651055451363,0.023743236892476843,0.5446755103461345,0.24607626459233448,0.866863717307171
19.20349297098858,-1.9049656344233619,1.0118583027342631,8.70506070487241,-1.0793745413843092,5.0,-0.024992481023696517,0.777121418930163,-0.03399791746215676,0.1363979862650213,0.6844207883623025,-0.4825990027439646,0.046232271884882215,-0.05109446524499723,-0.18017907990890988
14.958363065222173,3.757425581892744,-0.30279729463212923,5.297637650631841,3.289460072576416,5.0,-0.09314616149852803,0.7136707707796146,0.2997536974557628,-0.5003129293321407,0.37543402161256606,0.9805686349697219,0.19185696826537574,0.050378742553805096,1.1624144344664813
20.191219871249583,-2.065945296508364,1.2653158769925668,9.362854120788874,-1.1331247616929414,5.0,-0.1479926837660067,0.8687334968432601,-0.029510629002598543,0.14642074311044065,1.1762618147564061,-0.45487592653108117,0.06202001327659261,0.07026518678969478,-0.2918923770884234
16.04443207869765,2.183745425801455,-1.9316191938299914,6.418318887272363,0.16227842983559887,5.0,0.3291706701338013,-0.8825424541807609,-0.4777541544658506,0.1879543031090662,-0.14342000508093136,0.39589488407266377,-0.3462513768594188,-0.14475418381675198,-0.28746821535987
24.037133286181028,-31.968068817685133,19.924322024884564,12.538624163810683,-9.837062560827789,5.0,-2.83928037530606,5.245804513532497,4.862399377076526,0.3796956580937716,-0.9023948713224542,-6.623801008361702,2.9945891952694286,1.6666689921009925,-0.5796187821673543
20.284426997417864,-8.507415026197844,4.477520057497446,9.687098335436714,-3.65926733940841,5.0,-0.4382287444044005,1.1489938558658013,0.9153390120770662,0.2813419673718663,0.09452701662177872,-1.8173711278905942,0.6030293947052513,0.32910428970346045,-0.6510478754983088
19.162364248528124,3.2944236693491327,-3.9880243740195795,8.926049667013096,-0.8448846351618952,5.0,0.8915865319299535,-1.2197466831929893,-1.4951952108461706,0.5726802513946155,0.9033497745146659,0.6183477049136872,-0.8364444780797167,-0.5161178564377792,-0.8766563373526572
8.674450719542463,26.32961671116107,-14.739042633602885,0.5956690415179863,9.814855825665196,5.0,1.9909949293667,-3.498549548702783,-3.3464903418563816,-0.7040007647584409,0.5256814414357228,5.503090042124971,-1.9923027604962382,-1.1317850239063787,1.3295906032988507
24.514848043730925,-22.32111484201579,12.625994926944934,13.13582396344483,-8.082319420286586,5.0,-1.5522279775885166,3.462429556576036,2.7557934806245816,0.9268482878755853,0.29764502782709445,-4.662336313557157,1.666493842024569,0.9458741094635514,-1.2356908246449916
21.091527360489145,-14.510051211175677,9.93760806413945,10.057013496916275,-3.5999226749196596,5.0,-1.4275852726465483,3.3694307290449768,2.4193643382608134,0.13194561950168543,0.482004600308234,-2.873901779821342,1.5556393620824611,0.830919804884621,0.20592403201973156
20.42245811847491,-19.090977582429456,11.246835105807772,9.836450797355958,-6.708134240501753,5.0,-1.7302165376258187,2.3575612691735577,2.6488290875676888,0.23387160364331172,-1.0940439770517847,-4.041626156865733,1.5946102479181843,0.8491062879710519,-0.6983065146106208
17.03996174628005,-10.355143060729995,6.012668074416283,7.65944443317508,-3.2584214367158006,5.0,-0.931358752785565,1.0454065838075233,1.5082266748567765,0.2374450868350895,-0.856923738883725,-2.140596618510123,0.8789518357127665,0.5126476768787607,-0.20778821001920247
19.100209246292618,-12.87265054147045,9.019480174275492,8.614488070252747,-2.890915701704237,5.0,-1.5154585939179375,2.7395262575261956,2.4560758823985243,-0.2170843111594121,-0.15604446390422325,-2.572063969209253,1.4718081282920827,0.8309385660644236,0.3956591025257469
35.34251667392318,-48.21400185644562,30.960980514892153,20.470505648014143,-15.209657412072564,5.0,-4.326618529322648,10.200140417075177,7.1612051250164965,0.5778656691997712,1.8368228666176711,-9.858372886117044,4.336423646538793,2.4953731302300106,-1.2562004098747996
11.859667158766337,16.082429726621395,-7.417520449871976,2.8866765708437034,7.852678183244584,5.0,0.8225847542895885,-0.9647340548192761,-1.2715792273619109,-0.802865862362982,0.9740077002382451,3.561843021559015,-0.7617360914415784,-0.4447247445305497,1.8061549830049464
12.531917026225821,2.2938483894542983,-1.617285310390383,3.9300576565448964,0.7624131942923679,5.0,0.10096054605171795,-1.3868233862848742,-0.1576380068279853,-0.16712495103388958,-1.515163423973209,0.3310444396735193,-0.1605854886128436,-0.06803834525547835,0.12282061163547008
10.744255884796585,18.93926656358321,-12.561220107083898,2.526169631424417,5.301708149346274,5.0,1.8590753851178525,-4.140490332451879,-3.20101842414786,-0.012149888225441339,-0.4627914133444829,3.830533388956297,-1.881379897650169,-1.110032519726965,0.05486746001507248
16.383022344743384,7.726458201595392,-4.799697164856445,6.537720339005986,2.0797226039266765,5.0,0.8481537567969151,-0.9870651485426162,-1.3498853293179325,-0.14840293349367628,0.7397332019579793,1.5439035023278522,-0.7660512658533221,-0.38492228572674514,0.043058500196143046
26.68012360359094,-29.595287703963216,21.025836700245268,14.006098992851301,-6.784227720676041,5.0,-3.23494429151832,7.731021099198028,5.454236521912958,-0.22445593753048074,1.4690944962922388,-5.856824110095272,3.3115393296091105,1.8144876538616717,0.6563413474983508
7.277799918053556,23.021057025982582,-12.919612637205816,-0.3498391302761322,9.28396809722862,5.0,1.5980687115943928,-3.597601299111972,-2.498754616554092,-0.831550375375017,-0.5011490874581809,4.867799189958081,-1.5589549539612753,-0.947394042255253,1.64692674147236
16.344570817305538,-0.1700530571516321,1.4705784168643468,6.394327772891395,1.213805931812729,5.0,-0.3707294780731695,0.9467710680513708,0.5967393567692681,-0.4010385807486181,0.3430477785252785,0.044441081891569034,0.3258002231707343,0.1768595224064478,0.6830550046188387
17.73217775318588,-9.18759390055472,5.485357332817345,8.011452183990365,-2.924671186726282,5.0,-0.6306415582017547,1.3374080142221523,1.4114598471062167,0.2593110078264348,-0.45426253313442977,-1.9194744787633,0.8664748927263684,0.4559840423835861,-0.28071868256274257
19.03772387177751,-5.639125254493395,2.7423248009983703,8.566975210484143,-3.262769275804332,5.0,-0.34961657517021255,0.3658761776721651,0.42789062184145255,0.10617454024911166,-0.3718939335598156,-1.3983060195198878,0.2318464902080748,0.16088876171330002,-0.864584195897444
26.89054747023202,-28.132735612233414,16.064171101131535,14.667452888557623,-10.89305169313821,5.0,-2.000996800262214,4.240101586306656,3.3924123209390182,0.6322390202538808,0.0796083285679901,-6.070529131513393,2.097104995218352,1.1937234679769346,-1.5317961364753903
9.939419840075683,26.037074539308687,-16.705205206829408,1.9332666467656316,7.674200200688842,5.0,2.501567951628178,-5.038876580488508,-4.206739655045826,-0.17928545798112638,0.2815688156272553,5.368053017926073,-2.4509555425122476,-1.3723312749701704,0.45724102088770285
14.980701543418398,11.245058170653916,-10.891963270959968,6.232233880261671,-0.19373823728220319,5.0,2.074388172642971,-4.404340978905837,-3.3520304628044304,0.9013024480802927,-0.5983252547076573,2.037437601278639,-2.0073999548662287,-1.1193803081428684,-1.6120315910671354
10.397458334686107,20.264095230948698,-14.711251169221857,2.662298194448373,4.538828627554041,5.0,2.358364171165357,-5.213352536527327,-3.844095738349707,0.3041869208204001,-0.6420596022504226,3.9784250852658785,-2.3496315839115964,-1.3803534945554223,-0.5126438395851107
19.580356378326034,-1.9630540206692706,3.4268439013810754,8.595927963324812,1.517179784276475,5.0,-0.7722231791966221,2.4516486435337135,1.1614309964104612,-0.5288997260720838,1.7230597310143487,-0.14503401240032038,0.6201159586172457,0.33065565335954505,1.015203539410003
13.868549790343714,7.659877503553818,-3.655222413882578,4.56945959962639,3.8608101690660015,5.0,0.36298220591718616,-0.45715248695809585,-0.486536786460003,-0.4279532073516617,0.27077869730870274,1.7471697200308836,-0.30916123834219905,-0.18269764598205776,0.847297492787034
10.855565024725923,17.490325257249413,-10.73855459650204,2.5012310336302557,5.570853670659283,5.0,1.52962507558116,-3.2300041096737657,-2.523928051502742,-0.36992156721658526,-0.24145113280129535,3.5415577173773323,-1.5202913092513508,-0.8509323879481699,0.47640329407904386
9.269412253858457,10.784018331235663,-6.908583154182549,1.5219163738500647,3.7864460349501057,5.0,0.8273178510099405,-3.047137269716041,-1.4390664253638785,-0.24531700093239348,-1.5744378726054329,2.2057175616503786,-0.8780924087850388,-0.41521928330407853,0.5785561839790268
10.74146669454963,21.24214024401515,-13.072594200990324,2.43528588621233,6.602121566261208,5.0,1.6600247045116405,-3.6043267193848405,-3.1479172199206884,-0.2282692591387523,0.26737358295865854,4.437143995819099,-1.978163506600283,-1.1058070120314596,0.32897483315973886
20.788805137110018,-4.545311526837002,2.767093636839635,9.933101269456856,-1.9836184629739873,5.0,-0.28781821752127806,1.2791056381406711,0.3920072105891206,0.10201404793864438,1.1162853854374564,-0.9816783681709385,0.30568957211953,0.15149822694126275,-0.35520645315651417
18.29744165163029,8.607835830383596,-6.975495681177007,7.962481344327505,0.6532115759188047,5.0,1.3073760039907973,-2.074417805156318,-2.254958237964896,0.3404648919756177,0.9730139213061999,1.674574032378421,-1.2269061892037791,-0.7815875347889101,-0.7991706643934401
